Wavelength,WS_site1_00010_Flag_A,Flag_1_Test_00011_Flag_B,Flag_15_Test_00041_Flag_C
1,130.0066,106.4743,100.3775
1.001,129.4657,106.2914,99.8337
1.002,129.5712,107.0134,99.7273
1.003,129.6519,107.616,99.6676
1.004,129.3432,107.7066,99.9285
1.005,129.3807,108.3324,99.867
1.006,129.4077,108.4765,100.0371
1.007,129.4334,108.614,100.2066
1.008,129.4532,108.7526,100.3796
1.009,129.4627,108.9,100.5601
1.01,129.4566,109.0562,100.75
1.011,129.4414,109.2176,100.9458
1.012,129.4272,109.382,101.1432
1.013,129.4236,109.5473,101.3384
1.014,129.4263,109.7159,101.5338
1.015,129.434,109.8866,101.7291
1.016,129.4488,110.0567,101.9224
1.017,129.4735,110.2235,102.1115
1.018,129.5119,110.3873,102.2979
1.019,129.5586,110.5494,102.4813
1.02,129.6055,110.7108,102.6604
1.021,129.646,110.872,102.8335
1.022,129.6853,111.0302,102.9974
1.023,129.7223,111.1884,103.1572
1.024,129.753,111.3507,103.3197
1.025,129.7731,111.5215,103.4911
1.026,129.7795,111.7028,103.6698
1.027,129.7792,111.8888,103.853
1.028,129.7809,112.0729,104.0386
1.029,129.7908,112.2495,104.2248
1.03,129.8017,112.4205,104.4123
1.031,129.8173,112.5888,104.6019
1.032,129.8435,112.7566,104.7937
1.033,129.8867,112.9258,104.9884
1.034,129.9488,113.0965,105.1863
1.035,130.0209,113.2665,105.3864
1.036,130.0933,113.434,105.5875
1.037,130.1601,113.5976,105.7891
1.038,130.2294,113.7589,105.9927
1.039,130.2958,113.9172,106.1965
1.04,130.3521,114.0713,106.3989
1.041,130.3924,114.2211,106.5992
1.042,130.4191,114.3673,106.7993
1.043,130.4381,114.5093,106.9971
1.044,130.4554,114.6461,107.1899
1.045,130.4724,114.7765,107.3766
1.046,130.4831,114.9004,107.5591
1.047,130.4952,115.0199,107.7359
1.048,130.5174,115.1374,107.9052
1.049,130.5568,115.2531,108.0645
1.05,130.6096,115.3653,108.214
1.051,130.6674,115.4766,108.3588
1.052,130.7217,115.5899,108.5041
1.053,130.7705,115.7065,108.6514
1.054,130.8184,115.8248,108.798
1.055,130.8633,115.944,108.9444
1.056,130.903,116.0629,109.0913
1.057,130.9357,116.1805,109.2395
1.058,130.9626,116.2974,109.3887
1.059,130.9863,116.4153,109.5374
1.06,131.0096,116.5361,109.6841
1.061,131.031,116.6621,109.8298
1.062,131.05,116.7916,109.9747
1.063,131.0705,116.9205,110.1164
1.064,131.0963,117.0445,110.2528
1.065,131.1281,117.1627,110.3821
1.066,131.1637,117.2773,110.5064
1.067,131.2023,117.39,110.6284
1.068,131.2425,117.5023,110.7512
1.069,131.287,117.6113,110.8717
1.07,131.3346,117.7181,110.9905
1.071,131.3809,117.8283,111.1132
1.072,131.4216,117.9474,111.245
1.073,131.4536,118.0769,111.3854
1.074,131.4816,118.213,111.5324
1.075,131.5117,118.3514,111.6856
1.076,131.5497,118.4883,111.845
1.077,131.593,118.6248,112.0139
1.078,131.6407,118.7619,112.1889
1.079,131.6942,118.8997,112.3646
1.08,131.7547,119.0375,112.5353
1.081,131.8244,119.1702,112.6967
1.082,131.9004,119.3036,112.8567
1.083,131.9786,119.4465,113.0259
1.084,132.0548,119.6059,113.212
1.085,132.1274,119.7726,113.403
1.086,132.2016,119.9527,113.6077
1.087,132.2833,120.1567,113.8414
1.088,132.3778,120.3942,114.1172
1.089,132.4831,120.6623,114.4301
1.09,132.5967,120.9556,114.774
1.091,132.7168,121.2694,115.1441
1.092,132.8422,121.6032,115.5408
1.093,132.9745,121.9649,115.9743
1.094,133.1126,122.3425,116.4276
1.095,133.2549,122.7214,116.8804
1.096,133.4014,123.0933,117.3217
1.097,133.554,123.4669,117.7642
1.098,133.7093,123.8411,118.2046
1.099,133.8636,124.2139,118.6381
1.1,134.0156,124.5839,119.0613
1.101,134.1684,124.9515,119.4759
1.102,134.3188,125.3185,119.8848
1.103,134.463,125.6863,120.2907
1.104,134.5992,126.0571,120.6968
1.105,134.7294,126.4305,121.1024
1.106,134.8539,126.8026,121.5018
1.107,134.9729,127.1692,121.8892
1.108,135.0844,127.5329,122.2679
1.109,135.1884,127.8956,122.6407
1.11,135.29,128.2479,122.9952
1.111,135.3945,128.5802,123.3184
1.112,135.5045,128.8894,123.607
1.113,135.617,129.1807,123.8676
1.114,135.7283,129.4564,124.1025
1.115,135.8351,129.719,124.3139
1.116,135.9384,129.9652,124.4954
1.117,136.0389,130.1962,124.6502
1.118,136.1347,130.4176,124.7904
1.119,136.2237,130.6353,124.9278
1.12,136.3061,130.8524,125.0678
1.121,136.3827,131.0635,125.2004
1.122,136.4537,131.2615,125.3132
1.123,136.5199,131.4412,125.3964
1.124,136.5852,131.6204,125.4715
1.125,136.6451,131.7836,125.5219
1.126,136.6923,131.9034,125.5156
1.127,136.7205,131.9562,125.4252
1.128,136.7345,131.9587,125.267
1.129,136.7333,131.9083,125.0418
1.13,136.7133,131.7941,124.742
1.131,136.6716,131.6042,124.358
1.132,136.6086,131.3342,123.8818
1.133,136.5268,131.0022,123.3343
1.134,136.4284,130.6286,122.7398
1.135,136.3145,130.2266,122.1135
1.136,136.182,129.7819,121.4378
1.137,136.0345,129.3002,120.7211
1.138,135.8765,128.7899,119.9757
1.139,135.7097,128.2559,119.2086
1.14,135.5306,127.6927,118.4123
1.141,135.3425,127.1017,117.588
1.142,135.1489,126.4847,116.7375
1.143,134.9508,125.8383,115.855
1.144,134.7454,125.1597,114.9368
1.145,134.536,124.4613,114.0021
1.146,134.3258,123.7558,113.0711
1.147,134.1168,123.044,112.1459
1.148,133.9072,122.3189,111.2157
1.149,133.6951,121.59,110.2924
1.15,133.4785,120.8671,109.3884
1.151,133.2536,120.1509,108.506
1.152,133.0228,119.4371,107.6392
1.153,132.793,118.7278,106.7879
1.154,132.571,118.0255,105.9519
1.155,132.3577,117.3319,105.1331
1.156,132.1497,116.6451,104.3304
1.157,131.946,115.9613,103.5401
1.158,131.7455,115.2767,102.7589
1.159,131.55,114.5901,101.9869
1.16,131.3584,113.9043,101.2256
1.161,131.168,113.2227,100.4753
1.162,130.9758,112.5482,99.736
1.163,130.7829,111.8781,99.0052
1.164,130.59,111.2136,98.2856
1.165,130.3966,110.5575,97.5813
1.166,130.2023,109.912,96.8955
1.167,130.0069,109.2723,96.2237
1.168,129.811,108.6428,95.569
1.169,129.6157,108.0298,94.9371
1.17,129.4202,107.4378,94.3322
1.171,129.2187,106.8599,93.7505
1.172,129.0202,106.3016,93.1931
1.173,128.8359,105.7702,92.6625
1.174,128.6742,105.2722,92.1607
1.175,128.5292,104.805,91.687
1.176,128.3994,104.3644,91.2399
1.177,128.2847,103.9466,90.8173
1.178,128.1871,103.5491,90.4184
1.179,128.1093,103.174,90.0444
1.18,128.0431,102.823,89.6959
1.181,127.9794,102.4974,89.3736
1.182,127.9141,102.1982,89.0796
1.183,127.852,101.9241,88.813
1.184,127.7948,101.6736,88.5686
1.185,127.7441,101.4452,88.3414
1.186,127.6981,101.238,88.1291
1.187,127.6569,101.053,87.9348
1.188,127.6248,100.8914,87.7607
1.189,127.6063,100.7548,87.6092
1.19,127.604,100.6478,87.4836
1.191,127.6145,100.5668,87.3809
1.192,127.6329,100.5034,87.2948
1.193,127.655,100.4497,87.2193
1.194,127.6856,100.4111,87.1601
1.195,127.7225,100.3868,87.1152
1.196,127.7585,100.3692,87.0763
1.197,127.7863,100.3514,87.0357
1.198,127.8065,100.3353,86.9952
1.199,127.8227,100.3232,86.9576
1.2,127.8379,100.3154,86.9237
1.201,127.8539,100.3123,86.8942
1.202,127.8676,100.3134,86.8683
1.203,127.8817,100.3189,86.8464
1.204,127.9,100.3297,86.829
1.205,127.9257,100.3454,86.8162
1.206,127.9574,100.3646,86.8072
1.207,127.9931,100.3899,86.8031
1.208,128.0315,100.4243,86.8055
1.209,128.0723,100.4713,86.8149
1.21,128.1174,100.5307,86.8306
1.211,128.1636,100.5969,86.8531
1.212,128.2071,100.6635,86.8833
1.213,128.2445,100.7263,86.9209
1.214,128.2778,100.7884,86.9654
1.215,128.3122,100.8554,87.0179
1.216,128.353,100.9326,87.0796
1.217,128.3989,101.0183,87.1493
1.218,128.448,101.1109,87.227
1.219,128.5054,101.2161,87.3155
1.22,128.5761,101.34,87.4177
1.221,128.6649,101.488,87.5381
1.222,128.7668,101.6542,87.6726
1.223,128.8727,101.8288,87.8136
1.224,128.9745,102.0024,87.9536
1.225,129.0765,102.1779,88.0935
1.226,129.1786,102.3573,88.2363
1.227,129.2774,102.5395,88.3841
1.228,129.3694,102.724,88.5387
1.229,129.4544,102.9119,88.7007
1.23,129.5352,103.1023,88.868
1.231,129.6148,103.2934,89.0388
1.232,129.6948,103.4838,89.2113
1.233,129.7725,103.6736,89.3862
1.234,129.8503,103.8644,89.5644
1.235,129.9314,104.0577,89.7466
1.236,130.0171,104.2534,89.9323
1.237,130.1051,104.4494,90.1202
1.238,130.1973,104.6494,90.3134
1.239,130.2957,104.8576,90.515
1.24,130.4031,105.0768,90.7274
1.241,130.5191,105.3052,90.9493
1.242,130.6384,105.54,91.1781
1.243,130.7557,105.7784,91.4112
1.244,130.8721,106.0228,91.652
1.245,130.9891,106.2731,91.9
1.246,131.1023,106.5233,92.1469
1.247,131.2069,106.7672,92.3848
1.248,131.3007,107.006,92.6157
1.249,131.3878,107.2415,92.8415
1.25,131.4734,107.4728,93.0601
1.251,131.562,107.6993,93.2697
1.252,131.6529,107.9233,93.4721
1.253,131.7442,108.1425,93.6661
1.254,131.8352,108.3533,93.8497
1.255,131.926,108.5525,94.0201
1.256,132.0199,108.7409,94.1768
1.257,132.1121,108.9207,94.3236
1.258,132.1966,109.0939,94.4647
1.259,132.2688,109.263,94.6042
1.26,132.3313,109.4281,94.7414
1.261,132.3857,109.5853,94.8717
1.262,132.4333,109.73,94.9903
1.263,132.473,109.8586,95.0953
1.264,132.5036,109.9733,95.1897
1.265,132.5301,110.0781,95.2723
1.266,132.5578,110.1773,95.3419
1.267,132.5897,110.2708,95.3959
1.268,132.623,110.3564,95.435
1.269,132.6545,110.4376,95.464
1.27,132.6809,110.5182,95.4877
1.271,132.7021,110.6008,95.5058
1.272,132.7194,110.6823,95.517
1.273,132.7334,110.7583,95.5217
1.274,132.7447,110.8249,95.5208
1.275,132.7534,110.8845,95.5171
1.276,132.759,110.9365,95.5075
1.277,132.7608,110.9774,95.4864
1.278,132.7578,111.0033,95.4481
1.279,132.7473,111.0129,95.3926
1.28,132.7336,111.0108,95.3242
1.281,132.7223,111.0023,95.247
1.282,132.7188,110.9898,95.1636
1.283,132.7227,110.9678,95.0705
1.284,132.7277,110.9425,94.9705
1.285,132.7278,110.9215,94.867
1.286,132.7188,110.9105,94.7616
1.287,132.7039,110.9062,94.6517
1.288,132.6843,110.9045,94.539
1.289,132.6608,110.9016,94.4255
1.29,132.6318,110.8957,94.3117
1.291,132.5969,110.889,94.1966
1.292,132.5612,110.8821,94.0806
1.293,132.5298,110.8756,93.9639
1.294,132.501,110.87,93.8479
1.295,132.474,110.8647,93.7314
1.296,132.4523,110.8591,93.6122
1.297,132.4395,110.8525,93.4878
1.298,132.439,110.8428,93.3568
1.299,132.4451,110.8327,93.2221
1.3,132.4503,110.8256,93.0875
1.301,132.4478,110.8249,92.9561
1.302,132.4407,110.8295,92.8272
1.303,132.4302,110.8384,92.6993
1.304,132.4161,110.8508,92.5717
1.305,132.3971,110.8691,92.4463
1.306,132.3717,110.899,92.3278
1.307,132.3441,110.9274,92.2055
1.308,132.3193,110.9397,92.0671
1.309,132.3013,110.9282,91.9068
1.31,132.2878,110.9009,91.7314
1.311,132.2743,110.8588,91.5403
1.312,132.2558,110.8025,91.3325
1.313,132.2311,110.7276,91.1029
1.314,132.2026,110.6358,90.8539
1.315,132.171,110.5365,90.5967
1.316,132.1372,110.4385,90.3415
1.317,132.1005,110.3379,90.0836
1.318,132.0613,110.2342,89.8227
1.319,132.0202,110.1327,89.5647
1.32,131.9781,110.0391,89.316
1.321,131.9344,109.9578,89.0801
1.322,131.8892,109.8805,88.8495
1.323,131.8428,109.7966,88.6145
1.324,131.7958,109.6974,88.3683
1.325,131.7477,109.589,88.1176
1.326,131.6986,109.4707,87.8591
1.327,131.6485,109.3401,87.5869
1.328,131.5982,109.1948,87.2954
1.329,131.5483,109.0353,86.9859
1.33,131.4961,108.8649,86.6659
1.331,131.4384,108.687,86.3435
1.332,131.3745,108.5021,86.0205
1.333,131.3057,108.3084,85.6928
1.334,131.2318,108.108,85.3629
1.335,131.152,107.9032,85.0333
1.336,131.0648,107.6934,84.7049
1.337,130.9714,107.4782,84.376
1.338,130.8752,107.2588,84.0452
1.339,130.7795,107.0369,83.7117
1.34,130.6829,106.8183,83.3836
1.341,130.5851,106.5956,83.0523
1.342,130.4868,106.3583,82.7038
1.343,130.3895,106.0969,82.3255
1.344,130.2953,105.8145,81.9212
1.345,130.1995,105.5158,81.4976
1.346,130.0964,105.2049,81.0609
1.347,129.9825,104.8806,80.6114
1.348,129.8611,104.5368,80.1425
1.349,129.732,104.1875,79.6664
1.35,129.5946,103.8479,79.1962
1.351,129.4471,103.5249,78.7403
1.352,129.29,103.2107,78.2915
1.353,129.1273,102.9008,77.8405
1.354,128.9631,102.5914,77.3784
1.355,128.7992,102.2869,76.9095
1.356,128.6328,101.9858,76.4342
1.357,128.4609,101.6788,75.9433
1.358,128.2807,101.3572,75.4286
1.359,128.0935,101.0232,74.8956
1.36,127.8994,100.6794,74.3429
1.361,127.6977,100.3261,73.7644
1.362,127.4882,99.9622,73.1538
1.363,127.273,99.5832,72.5089
1.364,127.0487,99.1972,71.8387
1.365,126.8108,98.8141,71.1535
1.366,126.5568,98.4397,70.4585
1.367,126.289,98.0691,69.7485
1.368,126.009,97.6997,69.0238
1.369,125.7185,97.3293,68.2846
1.37,125.415,96.9582,67.5296
1.371,125.0988,96.587,66.7592
1.372,124.7762,96.2146,65.9767
1.373,124.4531,95.84,65.1853
1.374,124.13,95.4669,64.3841
1.375,123.8038,95.0924,63.5726
1.376,123.4725,94.7101,62.7515
1.377,123.1352,94.3144,61.9219
1.378,122.7977,93.9078,61.0827
1.379,122.4532,93.4913,60.2345
1.38,122.0916,93.0647,59.3782
1.381,121.7049,92.6287,58.515
1.382,121.2963,92.1855,57.6457
1.383,120.8709,91.7303,56.7673
1.384,120.4334,91.2574,55.8767
1.385,119.9831,90.7625,54.9692
1.386,119.5164,90.2478,54.0454
1.387,119.0421,89.718,53.1145
1.388,118.5698,89.1777,52.186
1.389,118.1023,88.6277,51.2576
1.39,117.6344,88.0662,50.3278
1.391,117.1615,87.4921,49.401
1.392,116.6792,86.9044,48.4818
1.393,116.19,86.3036,47.5691
1.394,115.6937,85.6898,46.6616
1.395,115.1877,85.0624,45.7588
1.396,114.6692,84.4201,44.8591
1.397,114.1363,83.7608,43.9577
1.398,113.5948,83.0887,43.0642
1.399,113.0512,82.4089,42.1905
1.4,112.5086,81.7265,41.3441
1.401,111.9633,81.0397,40.5189
1.402,111.4167,80.3414,39.7101
1.403,110.8702,79.6241,38.913
1.404,110.3241,78.8868,38.1256
1.405,109.7778,78.1327,37.3505
1.406,109.2314,77.3611,36.5902
1.407,108.6852,76.5708,35.8465
1.408,108.1418,75.7575,35.1161
1.409,107.5986,74.9253,34.4018
1.41,107.0508,74.0826,33.7101
1.411,106.4959,73.2374,33.048
1.412,105.9406,72.39,32.4173
1.413,105.3773,71.5326,31.8076
1.414,104.7956,70.6565,31.2075
1.415,104.1829,69.7511,30.608
1.416,103.5392,68.8161,30.0137
1.417,102.8874,67.8714,29.4324
1.418,102.2512,66.9378,28.8717
1.419,101.6344,66.0156,28.333
1.42,101.0268,65.0971,27.8127
1.421,100.431,64.1915,27.3106
1.422,99.8494,63.3076,26.8264
1.423,99.2824,62.4408,26.3598
1.424,98.7285,61.5914,25.9112
1.425,98.1868,60.766,25.4814
1.426,97.6546,59.9695,25.0708
1.427,97.1231,59.1948,24.679
1.428,96.6069,58.4488,24.3068
1.429,96.1254,57.7429,23.9558
1.43,95.6903,57.086,23.6285
1.431,95.2905,56.4736,23.3257
1.432,94.9265,55.8974,23.0403
1.433,94.6002,55.3491,22.7651
1.434,94.3146,54.8252,22.4961
1.435,94.0691,54.3308,22.2375
1.436,93.8585,53.8676,21.9929
1.437,93.6778,53.4374,21.7658
1.438,93.5336,53.0412,21.5557
1.439,93.4217,52.6772,21.3617
1.44,93.3307,52.343,21.1841
1.441,93.2507,52.0375,21.0241
1.442,93.1847,51.7653,20.8839
1.443,93.1369,51.5192,20.7585
1.444,93.1111,51.2908,20.6418
1.445,93.1084,51.0737,20.5304
1.446,93.1265,50.8724,20.4279
1.447,93.1692,50.6903,20.3338
1.448,93.2411,50.531,20.2475
1.449,93.3399,50.393,20.1673
1.45,93.4644,50.2754,20.094
1.451,93.6205,50.1819,20.0308
1.452,93.814,50.1164,19.9808
1.453,94.0473,50.0778,19.9411
1.454,94.3163,50.0661,19.9135
1.455,94.616,50.0833,19.9027
1.456,94.9429,50.1327,19.9136
1.457,95.3016,50.2187,19.9462
1.458,95.6881,50.3309,19.9956
1.459,96.0967,50.4568,20.0567
1.46,96.5281,50.5934,20.1298
1.461,96.9864,50.7482,20.2187
1.462,97.46,50.9111,20.3138
1.463,97.9367,51.0712,20.4051
1.464,98.423,51.2294,20.4909
1.465,98.9205,51.3894,20.5756
1.466,99.4096,51.5443,20.6589
1.467,99.8719,51.6877,20.7402
1.468,100.3125,51.8203,20.8183
1.469,100.7355,51.9448,20.8949
1.47,101.1395,52.0624,20.9725
1.471,101.5216,52.1734,21.0529
1.472,101.8782,52.2753,21.1348
1.473,102.22,52.3724,21.2183
1.474,102.5589,52.4693,21.304
1.475,102.8946,52.5676,21.3927
1.476,103.2216,52.6649,21.4839
1.477,103.5518,52.762,21.5764
1.478,103.8974,52.8599,21.6686
1.479,104.2636,52.9587,21.7611
1.48,104.6422,53.0578,21.854
1.481,105.024,53.1575,21.9462
1.482,105.401,53.2577,22.0363
1.483,105.7795,53.3589,22.1225
1.484,106.1566,53.4604,22.2084
1.485,106.5264,53.5614,22.2981
1.486,106.8856,53.6617,22.395
1.487,107.2377,53.7621,22.4972
1.488,107.581,53.8611,22.6027
1.489,107.9133,53.9573,22.7094
1.49,108.2289,54.0497,22.8187
1.491,108.5313,54.1394,22.9306
1.492,108.8323,54.2272,23.0413
1.493,109.1436,54.314,23.1471
1.494,109.4698,54.3991,23.2468
1.495,109.7991,54.4828,23.3438
1.496,110.1178,54.5661,23.4415
1.497,110.4153,54.6491,23.5422
1.498,110.6982,54.73,23.6432
1.499,110.9683,54.8121,23.7465
1.5,111.2268,54.8991,23.8547
1.501,111.4676,54.9919,23.9689
1.502,111.6911,55.0888,24.0877
1.503,111.9138,55.1907,24.2107
1.504,112.1518,55.2988,24.3377
1.505,112.4043,55.4146,24.4708
1.506,112.6654,55.5361,24.6081
1.507,112.9337,55.6602,24.7455
1.508,113.2106,55.7847,24.8796
1.509,113.5048,55.913,25.0127
1.51,113.8008,56.0418,25.1446
1.511,114.0794,56.1667,25.274
1.512,114.334,56.2862,25.4003
1.513,114.5756,56.4029,25.5241
1.514,114.7947,56.5143,25.6458
1.515,114.9812,56.6177,25.7657
1.516,115.1251,56.7117,25.883
1.517,115.2374,56.7983,25.9981
1.518,115.3362,56.8801,26.1129
1.519,115.4364,56.9593,26.2286
1.52,115.5247,57.0331,26.3436
1.521,115.6086,57.1038,26.4592
1.522,115.7026,57.1752,26.5772
1.523,115.8177,57.2487,26.6987
1.524,115.9474,57.3212,26.8225
1.525,116.0855,57.3969,26.9492
1.526,116.2263,57.4802,27.0793
1.527,116.3686,57.5712,27.2124
1.528,116.5152,57.6684,27.3485
1.529,116.665,57.7738,27.4888
1.53,116.8169,57.889,27.6347
1.531,116.9644,58.013,27.7856
1.532,117.1157,58.1461,27.9414
1.533,117.2832,58.2896,28.1024
1.534,117.475,58.4435,28.2683
1.535,117.6828,58.6064,28.4375
1.536,117.9113,58.7809,28.6134
1.537,118.1663,58.9702,28.7996
1.538,118.4531,59.1771,28.9993
1.539,118.7685,59.4,29.2102
1.54,119.1058,59.6349,29.4286
1.541,119.4593,59.8778,29.6505
1.542,119.8357,60.127,29.8755
1.543,120.2295,60.3862,30.1059
1.544,120.6298,60.6599,30.3443
1.545,121.0272,60.9507,30.5923
1.546,121.4244,61.2555,30.848
1.547,121.8291,61.5766,31.1127
1.548,122.2487,61.9165,31.3883
1.549,122.68,62.2772,31.6759
1.55,123.1198,62.6572,31.9744
1.551,123.5847,63.0541,32.2827
1.552,124.0915,63.4658,32.5993
1.553,124.6503,63.8988,32.928
1.554,125.2446,64.3477,33.2658
1.555,125.8522,64.8011,33.6061
1.556,126.459,65.2499,33.9442
1.557,127.0791,65.6988,34.2835
1.558,127.7033,66.1505,34.6235
1.559,128.3191,66.6074,34.9633
1.56,128.9214,67.0713,35.3029
1.561,129.5166,67.541,35.6429
1.562,130.1058,68.0135,35.9817
1.563,130.6898,68.486,36.318
1.564,131.2694,68.9635,36.6531
1.565,131.8433,69.4421,36.9862
1.566,132.4099,69.9128,37.3148
1.567,132.9663,70.3673,37.6364
1.568,133.5106,70.8071,37.9506
1.569,134.0505,71.2406,38.2617
1.57,134.5945,71.6762,38.5741
1.571,135.1499,72.1188,38.8905
1.572,135.7118,72.5639,39.2085
1.573,136.2686,73.0067,39.5252
1.574,136.8089,73.4429,39.8378
1.575,137.3312,73.8714,40.1451
1.576,137.8433,74.2958,40.4499
1.577,138.3533,74.7198,40.7555
1.578,138.8666,75.1478,41.0654
1.579,139.3791,75.5807,41.3806
1.58,139.8912,76.0102,41.694
1.581,140.4046,76.4275,41.9983
1.582,140.9219,76.829,42.2903
1.583,141.4413,77.2195,42.574
1.584,141.9576,77.6027,42.8529
1.585,142.4663,77.9823,43.1305
1.586,142.9733,78.3589,43.4085
1.587,143.4736,78.7295,43.6826
1.588,143.9574,79.0906,43.9473
1.589,144.4145,79.4376,44.197
1.59,144.846,79.7699,44.4323
1.591,145.2685,80.0976,44.6623
1.592,145.699,80.4311,44.896
1.593,146.1402,80.7736,45.1369
1.594,146.585,81.1199,45.3801
1.595,147.0359,81.4681,45.6225
1.596,147.4963,81.8164,45.8616
1.597,147.972,82.167,46.0979
1.598,148.452,82.518,46.3324
1.599,148.9223,82.8665,46.5655
1.6,149.3753,83.2092,46.7961
1.601,149.8183,83.547,47.0236
1.602,150.2521,83.8857,47.2521
1.603,150.6777,84.2309,47.4858
1.604,151.0943,84.5845,47.7271
1.605,151.502,84.9433,47.9728
1.606,151.902,85.3039,48.2182
1.607,152.2932,85.6636,48.4593
1.608,152.6678,86.0234,48.6979
1.609,153.0399,86.3842,48.935
1.61,153.4264,86.7464,49.1709
1.611,153.8394,87.112,49.4064
1.612,154.2709,87.4814,49.6414
1.613,154.7104,87.8484,49.8741
1.614,155.1484,88.2067,50.1029
1.615,155.5963,88.5592,50.3274
1.616,156.046,88.9055,50.5486
1.617,156.4762,89.241,50.7676
1.618,156.8712,89.561,50.9854
1.619,157.2414,89.8652,51.2028
1.62,157.587,90.1609,51.4168
1.621,157.9061,90.4555,51.6243
1.622,158.1849,90.7503,51.824
1.623,158.4312,91.0423,52.0177
1.624,158.6751,91.3332,52.2064
1.625,158.9454,91.6246,52.391
1.626,159.2429,91.9184,52.5704
1.627,159.5507,92.2114,52.7452
1.628,159.8544,92.4991,52.9168
1.629,160.1477,92.7776,53.0853
1.63,160.4411,93.048,53.2493
1.631,160.7216,93.3152,53.4118
1.632,160.975,93.5842,53.5762
1.633,161.1948,93.8565,53.7431
1.634,161.3906,94.1293,53.911
1.635,161.5738,94.4004,54.0789
1.636,161.7523,94.6684,54.2461
1.637,161.9176,94.9346,54.4137
1.638,162.0766,95.1981,54.5805
1.639,162.2396,95.4569,54.745
1.64,162.4128,95.7116,54.9073
1.641,162.5907,95.9628,55.0679
1.642,162.7673,96.2074,55.2251
1.643,162.9373,96.4424,55.3772
1.644,163.1047,96.6667,55.5232
1.645,163.2672,96.8833,55.6652
1.646,163.4189,97.0953,55.8055
1.647,163.5579,97.3056,55.9462
1.648,163.6882,97.5132,56.0868
1.649,163.8039,97.7149,56.2247
1.65,163.8982,97.9073,56.357
1.651,163.9622,98.0931,56.4857
1.652,164.0052,98.2712,56.6101
1.653,164.0441,98.436,56.7263
1.654,164.0934,98.5825,56.8307
1.655,164.1472,98.7111,56.9244
1.656,164.2014,98.826,57.0091
1.657,164.2539,98.9313,57.0862
1.658,164.3133,99.0301,57.1553
1.659,164.3787,99.1203,57.2158
1.66,164.4246,99.1974,57.2706
1.661,164.4258,99.2572,57.3222
1.662,164.3787,99.2989,57.3706
1.663,164.3011,99.3257,57.4146
1.664,164.2106,99.3409,57.4532
1.665,164.1166,99.3458,57.4861
1.666,164.0083,99.338,57.5137
1.667,163.8936,99.3208,57.5358
1.668,163.7816,99.2976,57.5523
1.669,163.6821,99.2702,57.563
1.67,163.5843,99.2362,57.568
1.671,163.4698,99.1925,57.5682
1.672,163.3219,99.1379,57.5645
1.673,163.1446,99.0772,57.5579
1.674,162.9471,99.0022,57.5453
1.675,162.738,98.9028,57.5229
1.676,162.5219,98.7771,57.4916
1.677,162.2942,98.6296,57.4522
1.678,162.0491,98.459,57.4009
1.679,161.7802,98.2636,57.3342
1.68,161.484,98.0413,57.2523
1.681,161.1702,97.7965,57.1574
1.682,160.8507,97.535,57.0512
1.683,160.5329,97.2614,56.9349
1.684,160.2111,96.9728,56.8074
1.685,159.881,96.6651,56.6686
1.686,159.5391,96.3342,56.5184
1.687,159.1958,95.9772,56.3558
1.688,158.8407,95.5981,56.1815
1.689,158.4525,95.2028,55.9969
1.69,158.0151,94.7967,55.8034
1.691,157.5378,94.3791,55.6011
1.692,157.0297,93.9425,55.3879
1.693,156.4995,93.4794,55.1615
1.694,155.9436,92.9881,54.9228
1.695,155.3623,92.4722,54.6718
1.696,154.7637,91.9343,54.4065
1.697,154.154,91.3751,54.1243
1.698,153.5271,90.7884,53.8227
1.699,152.8873,90.1839,53.5083
1.7,152.2411,89.5738,53.1893
1.701,151.5967,88.9646,52.8699
1.702,150.9479,88.3496,52.5457
1.703,150.2803,87.7207,52.2114
1.704,149.5801,87.0702,51.8624
1.705,148.8471,86.3976,51.5
1.706,148.091,85.7088,51.1251
1.707,147.3219,85.0101,50.7374
1.708,146.5438,84.3049,50.3364
1.709,145.7524,83.5903,49.9226
1.71,144.9477,82.864,49.4975
1.711,144.1294,82.1231,49.0619
1.712,143.2957,81.359,48.61
1.713,142.4487,80.5842,48.1488
1.714,141.5917,79.8167,47.6895
1.715,140.727,79.07,47.2401
1.716,139.8536,78.3359,46.7958
1.717,138.9691,77.6023,46.3497
1.718,138.071,76.8574,45.8954
1.719,137.1506,76.0922,45.4284
1.72,136.218,75.321,44.956
1.721,135.291,74.5631,44.4879
1.722,134.381,73.8331,44.0314
1.723,133.4798,73.1228,43.5826
1.724,132.586,72.4244,43.1373
1.725,131.6989,71.7309,42.6917
1.726,130.81,71.0332,42.2399
1.727,129.927,70.3414,41.7882
1.728,129.0684,69.6739,41.3486
1.729,128.2523,69.0448,40.9301
1.73,127.4773,68.4467,40.5275
1.731,126.7209,67.8749,40.1389
1.732,125.9594,67.3259,39.7634
1.733,125.1763,66.7978,39.4005
1.734,124.3885,66.2932,39.0511
1.735,123.6224,65.8161,38.7161
1.736,122.8987,65.3698,38.396
1.737,122.2027,64.9528,38.0899
1.738,121.5415,64.5646,37.799
1.739,120.9276,64.2049,37.5246
1.74,120.3679,63.875,37.2679
1.741,119.855,63.5742,37.0277
1.742,119.3797,63.2993,36.8024
1.743,118.9358,63.048,36.5902
1.744,118.5306,62.8213,36.3916
1.745,118.1555,62.6185,36.2068
1.746,117.799,62.4378,36.0358
1.747,117.4545,62.2782,35.8777
1.748,117.1286,62.141,35.7328
1.749,116.8277,62.0286,35.605
1.75,116.5561,61.9434,35.498
1.751,116.3062,61.8846,35.4112
1.752,116.0871,61.8518,35.3429
1.753,115.9125,61.8446,35.2913
1.754,115.7923,61.8637,35.2572
1.755,115.7188,61.9092,35.241
1.756,115.68,61.9783,35.2388
1.757,115.6662,62.069,35.2468
1.758,115.688,62.1824,35.2648
1.759,115.7354,62.3181,35.2957
1.76,115.7921,62.4748,35.3429
1.761,115.8477,62.6527,35.4087
1.762,115.9109,62.8524,35.4912
1.763,115.9921,63.071,35.5876
1.764,116.1003,63.3063,35.6957
1.765,116.2323,63.5589,35.8179
1.766,116.3861,63.8287,35.9517
1.767,116.5614,64.1149,36.0928
1.768,116.759,64.4185,36.239
1.769,116.9795,64.7403,36.3925
1.77,117.2208,65.0764,36.554
1.771,117.4823,65.4233,36.7245
1.772,117.7811,65.7855,36.9064
1.773,118.0948,66.1587,37.0959
1.774,118.3884,66.5352,37.288
1.775,118.6402,66.9095,37.4793
1.776,118.8663,67.2855,37.6724
1.777,119.0781,67.6666,37.8685
1.778,119.2849,68.0559,38.0688
1.779,119.4783,68.4533,38.2745
1.78,119.665,68.8577,38.4833
1.781,119.8592,69.2684,38.6921
1.782,120.0636,69.6863,38.8975
1.783,120.2728,70.1113,39.1013
1.784,120.4946,70.5396,39.3098
1.785,120.7371,70.9682,39.5285
1.786,121.004,71.3989,39.7552
1.787,121.2839,71.8308,39.9895
1.788,121.5632,72.262,40.2322
1.789,121.8451,72.6903,40.4867
1.79,122.1336,73.1169,40.752
1.791,122.4047,73.5457,41.0191
1.792,122.6327,73.9807,41.28
1.793,122.806,74.4239,41.5374
1.794,122.9612,74.8691,41.7926
1.795,123.1415,75.309,42.0453
1.796,123.3707,75.7385,42.2948
1.797,123.6271,76.1615,42.5415
1.798,123.8923,76.584,42.7864
1.799,124.1522,77.0114,43.0304
1.8,124.4217,77.4435,43.2726
1.801,124.686,77.8765,43.5137
1.802,124.9209,78.3068,43.7548
1.803,125.1199,78.7386,44.0007
1.804,125.2933,79.1701,44.2482
1.805,125.4428,79.5891,44.4867
1.806,125.5673,79.986,44.7078
1.807,125.6574,80.3687,44.917
1.808,125.732,80.7318,45.1124
1.809,125.8134,81.0673,45.2901
1.81,125.9126,81.3692,45.4467
1.811,126.0171,81.6431,45.5851
1.812,126.1145,81.899,45.7119
1.813,126.1957,82.1453,45.8324
1.814,126.2681,82.3789,45.9446
1.815,126.3259,82.5963,46.0463
1.816,126.3601,82.7947,46.1363
1.817,126.3659,82.9731,46.2142
1.818,126.3502,83.1334,46.281
1.819,126.322,83.2775,46.3373
1.82,126.2855,83.4063,46.3844
1.821,126.2325,83.5181,46.4232
1.822,126.176,83.6146,46.449
1.823,126.1309,83.6981,46.4569
1.824,126.0969,83.7666,46.445
1.825,126.0694,83.822,46.4175
1.826,126.0474,83.8688,46.379
1.827,126.0347,83.911,46.3298
1.828,126.0354,83.9475,46.2656
1.829,126.0298,83.9721,46.1975
1.83,125.9986,83.9791,46.1372
1.831,125.9479,83.9713,46.088
1.832,125.879,83.9481,46.04
1.833,125.7869,83.9068,45.9822
1.834,125.6596,83.8443,45.9088
1.835,125.4982,83.7612,45.8252
1.836,125.3342,83.6632,45.7302
1.837,125.1987,83.5559,45.6234
1.838,125.0915,83.4415,45.5093
1.839,124.9919,83.3133,45.3815
1.84,124.8798,83.1634,45.2309
1.841,124.7502,82.9883,45.0504
1.842,124.6112,82.7913,44.8449
1.843,124.4533,82.5726,44.624
1.844,124.268,82.3329,44.3966
1.845,124.0579,82.0733,44.1621
1.846,123.8271,81.7921,43.9138
1.847,123.579,81.4868,43.6451
1.848,123.3112,81.1559,43.3547
1.849,123.0239,80.8004,43.0447
1.85,122.7251,80.4223,42.7134
1.851,122.4243,80.0245,42.3603
1.852,122.124,79.6092,41.9879
1.853,121.8044,79.1668,41.5908
1.854,121.445,78.6868,41.1632
1.855,121.0561,78.17,40.7025
1.856,120.6322,77.6189,40.2135
1.857,120.1524,77.0327,39.702
1.858,119.6071,76.4113,39.1707
1.859,119.0072,75.756,38.6173
1.86,118.3486,75.066,38.0434
1.861,117.6243,74.3406,37.4514
1.862,116.8128,73.5784,36.8463
1.863,115.9459,72.7805,36.2189
1.864,115.0706,71.9482,35.5566
1.865,114.2068,71.0766,34.8462
1.866,113.3332,70.1671,34.096
1.867,112.4495,69.2355,33.3288
1.868,111.5556,68.2904,32.5589
1.869,110.6534,67.3105,31.7649
1.87,109.7392,66.3308,30.9763
1.871,108.8087,65.3952,30.2314
1.872,107.8458,64.5047,29.5331
1.873,106.8665,63.6479,28.8696
1.874,105.9054,62.8336,28.2441
1.875,104.9768,62.0718,27.6621
1.876,104.0591,61.3618,27.1248
1.877,103.1873,60.6844,26.6171
1.878,102.3991,60.021,26.1247
1.879,101.6997,59.3766,25.6508
1.88,101.0641,58.7529,25.1975
1.881,100.775,58.3833,24.9525
1.882,100.5036,57.9704,24.6786
1.883,100.1309,57.4467,24.3208
1.884,99.5446,56.8148,23.8792
1.885,98.7011,56.08,23.3598
1.886,97.6179,55.2604,22.7861
1.887,96.2376,54.3682,22.1702
1.888,94.6603,53.4055,21.5097
1.889,93.1341,52.3737,20.8044
1.89,91.8643,51.2815,20.0708
1.891,90.6747,50.1406,19.3111
1.892,89.4649,49.1651,18.6689
1.893,88.1666,48.3059,18.104
1.894,86.8967,47.4917,17.5766
1.895,85.8174,46.7282,17.1015
1.896,84.8682,46.0136,16.6722
1.897,83.9376,45.3321,16.2778
1.898,82.9417,44.6744,15.915
1.899,81.9272,44.0469,15.587
1.9,80.9779,43.449,15.2806
1.901,80.1224,42.8857,14.9937
1.902,79.3381,42.3509,14.7268
1.903,78.6312,41.8274,14.4697
1.904,78.0089,41.3101,14.2179
1.905,77.4577,40.809,13.9801
1.906,76.9721,40.3343,13.7677
1.907,76.6072,39.8906,13.5845
1.908,76.2071,39.4598,13.4136
1.909,75.5922,39.0224,13.24
1.91,74.7964,38.5813,13.0692
1.911,73.9798,38.1584,12.8998
1.912,73.2065,37.7712,12.7275
1.913,72.4346,37.4103,12.5541
1.914,71.8143,37.0586,12.39
1.915,71.4971,36.7094,12.2431
1.916,71.3672,36.3675,12.1075
1.917,71.1429,36.0272,11.9738
1.918,70.75,35.6832,11.8391
1.919,70.2756,35.343,11.7068
1.92,69.7404,35.0179,11.5788
1.921,69.0884,34.7105,11.4536
1.922,68.4426,34.4128,11.3341
1.923,67.9762,34.1165,11.2251
1.924,67.6924,33.8199,11.1264
1.925,67.4058,33.5374,11.0333
1.926,66.9652,33.2809,10.9418
1.927,66.43,33.0458,10.8531
1.928,65.8736,32.8266,10.7712
1.929,65.2934,32.6213,10.7007
1.93,64.6997,32.4311,10.6379
1.931,64.2369,32.2553,10.5709
1.932,63.9965,32.0963,10.4925
1.933,63.8525,31.9502,10.4125
1.934,63.6289,31.8088,10.3435
1.935,63.2688,31.6693,10.2846
1.936,62.9396,31.5402,10.2352
1.937,62.8235,31.4294,10.1983
1.938,62.9174,31.3344,10.1756
1.939,63.0508,31.2574,10.1581
1.94,63.1145,31.2042,10.1378
1.941,63.1644,31.1739,10.1176
1.942,63.116,31.1497,10.1042
1.943,62.8492,31.1206,10.1041
1.944,62.4648,31.0947,10.112
1.945,62.2469,31.0806,10.115
1.946,62.2212,31.0796,10.1091
1.947,62.3389,31.0889,10.1013
1.948,62.6379,31.1083,10.0979
1.949,63.202,31.1398,10.0977
1.95,63.7711,31.1773,10.1009
1.951,64.0863,31.2143,10.1087
1.952,64.2326,31.2528,10.1206
1.953,64.2386,31.2939,10.1369
1.954,64.0388,31.337,10.1586
1.955,63.6635,31.3825,10.1853
1.956,63.4385,31.4334,10.2136
1.957,63.5309,31.4926,10.2446
1.958,63.7859,31.5573,10.2764
1.959,64.0565,31.6228,10.3009
1.96,64.3312,31.6911,10.3123
1.961,64.6371,31.7585,10.322
1.962,64.9699,31.8171,10.3439
1.963,65.337,31.864,10.3763
1.964,65.7108,31.9178,10.4122
1.965,66.0848,31.9952,10.4476
1.966,66.4705,32.0901,10.4847
1.967,66.7773,32.1894,10.5182
1.968,66.913,32.2897,10.5431
1.969,66.9507,32.3922,10.5633
1.97,67.0595,32.4852,10.5872
1.971,67.2293,32.5583,10.6128
1.972,67.4798,32.6308,10.6438
1.973,67.907,32.7274,10.6887
1.974,68.5569,32.8466,10.7489
1.975,69.2485,32.9805,10.8166
1.976,69.7964,33.1249,10.8855
1.977,70.244,33.2813,10.9582
1.978,70.7204,33.4519,11.033
1.979,71.273,33.6318,11.1031
1.98,71.8765,33.8253,11.1742
1.981,72.5948,34.0545,11.2672
1.982,73.4677,34.3301,11.3936
1.983,74.443,34.6388,11.5379
1.984,75.4604,34.9662,11.6813
1.985,76.5532,35.3105,11.8238
1.986,77.6464,35.6808,11.9729
1.987,78.6333,36.086,12.1334
1.988,79.5245,36.5258,12.3042
1.989,80.4894,36.988,12.4834
1.99,81.6364,37.4665,12.6713
1.991,82.8918,37.9643,12.8672
1.992,84.1841,38.4788,13.0659
1.993,85.5108,39.0102,13.266
1.994,86.8695,39.5586,13.4694
1.995,88.2207,40.1215,13.6767
1.996,89.5636,40.6939,13.8853
1.997,90.9171,41.2898,14.1022
1.998,92.3062,41.928,14.3367
1.999,93.7355,42.6082,14.5888
2,95.1197,43.2956,14.8402
2.001,96.4024,43.9704,15.0777
2.002,97.6215,44.645,15.3105
2.003,98.8143,45.3248,15.5523
2.004,99.9446,46.0038,15.8039
2.005,101.0818,46.6926,16.0636
2.006,102.3484,47.4117,16.3352
2.007,103.7624,48.1704,16.6256
2.008,105.2075,48.9296,16.9119
2.009,106.6195,49.6593,17.1714
2.01,108.033,50.3722,17.4123
2.011,109.2978,51.0529,17.6483
2.012,110.2776,51.6852,17.8859
2.013,111.1154,52.2867,18.1197
2.014,112.0657,52.8903,18.3446
2.015,113.2065,53.5076,18.5622
2.016,114.382,54.1146,18.7691
2.017,115.4551,54.688,18.9583
2.018,116.4617,55.2331,19.1295
2.019,117.3795,55.7498,19.2912
2.02,118.1517,56.2304,19.447
2.021,118.8086,56.6794,19.5955
2.022,119.4918,57.1246,19.746
2.023,120.2798,57.5841,19.9039
2.024,121.096,58.0391,20.0642
2.025,121.8528,58.4637,20.2223
2.026,122.5262,58.8546,20.3799
2.027,123.1893,59.2243,20.5333
2.028,123.9219,59.5806,20.6758
2.029,124.7155,59.9196,20.8078
2.03,125.4564,60.252,20.9414
2.031,126.0704,60.587,21.0833
2.032,126.6077,60.918,21.2294
2.033,127.1209,61.2343,21.3786
2.034,127.5862,61.5329,21.5339
2.035,128.054,61.8197,21.6897
2.036,128.6291,62.0998,21.8371
2.037,129.3319,62.3723,21.9767
2.038,129.9674,62.6361,22.1155
2.039,130.3659,62.8903,22.2587
2.04,130.6143,63.1355,22.4037
2.041,130.8844,63.3733,22.5463
2.042,131.2607,63.6031,22.6828
2.043,131.6641,63.8256,22.8173
2.044,132.0227,64.0443,22.9575
2.045,132.3206,64.2624,23.1051
2.046,132.6095,64.47,23.2546
2.047,132.9361,64.6571,23.4023
2.048,133.286,64.8279,23.5497
2.049,133.6183,64.987,23.6957
2.05,133.9122,65.1314,23.8376
2.051,134.1805,65.2646,23.9778
2.052,134.4228,65.4092,24.1245
2.053,134.6445,65.5794,24.2845
2.054,134.8315,65.7457,24.4438
2.055,134.958,65.8762,24.5868
2.056,135.0239,65.9799,24.7176
2.057,135.0905,66.0614,24.8401
2.058,135.1985,66.1158,24.9543
2.059,135.3203,66.1488,25.0608
2.06,135.4256,66.1865,25.1655
2.061,135.506,66.2383,25.2689
2.062,135.577,66.2867,25.3703
2.063,135.6563,66.3152,25.4708
2.064,135.7493,66.3279,25.5708
2.065,135.8141,66.3239,25.6669
2.066,135.8243,66.3012,25.7581
2.067,135.7927,66.2609,25.8447
2.068,135.7039,66.2039,25.9187
2.069,135.5174,66.1245,25.9708
2.07,135.2978,66.0326,26.0152
2.071,135.1577,65.9463,26.0751
2.072,135.1025,65.8631,26.1524
2.073,135.0624,65.7832,26.2303
2.074,134.9961,65.714,26.3008
2.075,134.9223,65.6512,26.3673
2.076,134.833,65.5679,26.4182
2.077,134.7437,65.4505,26.4405
2.078,134.6273,65.3171,26.4538
2.079,134.4269,65.1876,26.4895
2.08,134.1291,65.0594,26.5498
2.081,133.8032,64.9327,26.6126
2.082,133.4798,64.8151,26.665
2.083,133.148,64.7024,26.7127
2.084,132.9001,64.5706,26.7502
2.085,132.8271,64.4086,26.7725
2.086,132.794,64.2307,26.7869
2.087,132.592,64.0512,26.8038
2.088,132.2061,63.8669,26.8226
2.089,131.7815,63.6816,26.8403
2.09,131.4062,63.4999,26.8551
2.091,131.0409,63.3197,26.8679
2.092,130.7106,63.1403,26.8835
2.093,130.4503,62.964,26.9046
2.094,130.2064,62.7869,26.9272
2.095,129.8934,62.602,26.9458
2.096,129.5118,62.4103,26.9598
2.097,129.0966,62.2107,26.9737
2.098,128.6732,62.0028,26.9935
2.099,128.2298,61.787,27.0161
2.1,127.7347,61.5583,27.027
2.101,127.1508,61.3059,27.019
2.102,126.536,61.0479,27.0015
2.103,125.976,60.8139,26.984
2.104,125.4582,60.6019,26.9633
2.105,124.9605,60.3935,26.9454
2.106,124.458,60.1795,26.9377
2.107,123.9673,59.964,26.9361
2.108,123.5693,59.7385,26.9278
2.109,123.3387,59.4976,26.9084
2.11,123.127,59.252,26.886
2.111,122.7343,59.0133,26.869
2.112,122.1661,58.7782,26.8566
2.113,121.6056,58.5511,26.8429
2.114,121.1642,58.3396,26.8256
2.115,120.7736,58.1369,26.8053
2.116,120.3884,57.9256,26.7785
2.117,120.04,57.7039,26.7421
2.118,119.6527,57.4782,26.7043
2.119,119.1021,57.2496,26.6741
2.12,118.3959,57.0156,26.6493
2.121,117.7803,56.7957,26.6253
2.122,117.3968,56.6047,26.6021
2.123,117.1198,56.4278,26.5781
2.124,116.8235,56.2438,26.5462
2.125,116.5306,56.0528,26.5034
2.126,116.2129,55.8624,26.4627
2.127,115.8214,55.6778,26.4397
2.128,115.3725,55.497,26.4292
2.129,114.9182,55.3156,26.4047
2.13,114.4868,55.1321,26.3519
2.131,114.0404,54.9479,26.2898
2.132,113.5226,54.7619,26.2391
2.133,112.9166,54.5707,26.196
2.134,112.3667,54.3927,26.16
2.135,111.985,54.2484,26.1383
2.136,111.6936,54.1216,26.1238
2.137,111.3768,53.9744,26.0913
2.138,111.0169,53.7936,26.0284
2.139,110.6443,53.6044,25.9601
2.14,110.2589,53.4296,25.9141
2.141,109.8535,53.2635,25.8852
2.142,109.4942,53.1003,25.8524
2.143,109.2293,52.9432,25.8085
2.144,109.0104,52.7857,25.7575
2.145,108.7712,52.6087,25.6957
2.146,108.5189,52.4067,25.6218
2.147,108.2533,52.2067,25.5421
2.148,107.9832,52.0303,25.4583
2.149,107.6998,51.8671,25.3705
2.15,107.3195,51.7054,25.2925
2.151,106.7776,51.5476,25.2317
2.152,106.2065,51.3869,25.1736
2.153,105.7566,51.2103,25.1024
2.154,105.3905,51.0201,25.0217
2.155,105.0724,50.8283,24.938
2.156,104.8174,50.6366,24.8519
2.157,104.5936,50.4464,24.7643
2.158,104.3126,50.2684,24.6805
2.159,103.9866,50.1043,24.6013
2.16,103.6055,49.9437,24.5217
2.161,103.1302,49.7803,24.4392
2.162,102.5848,49.6166,24.3546
2.163,102.0786,49.4487,24.2634
2.164,101.614,49.2737,24.1612
2.165,101.2003,49.0975,24.0571
2.166,100.8859,48.9259,23.9608
2.167,100.6646,48.7566,23.8693
2.168,100.4701,48.5961,23.7863
2.169,100.2902,48.4492,23.7164
2.17,100.1201,48.3113,23.6543
2.171,99.9032,48.1771,23.5921
2.172,99.6326,48.048,23.5324
2.173,99.3555,47.9215,23.4684
2.174,99.1043,47.7947,23.3922
2.175,98.8643,47.6691,23.3079
2.176,98.6343,47.5463,23.2245
2.177,98.4251,47.4257,23.1409
2.178,98.2056,47.3086,23.0601
2.179,97.938,47.1961,22.9876
2.18,97.6349,47.0878,22.9215
2.181,97.3354,46.9836,22.8563
2.182,97.0525,46.886,22.7922
2.183,96.7727,46.7903,22.7276
2.184,96.4888,46.6878,22.6574
2.185,96.2021,46.5786,22.5807
2.186,95.9123,46.4715,22.5082
2.187,95.6176,46.372,22.4463
2.188,95.3205,46.275,22.3898
2.189,95.0241,46.1741,22.3349
2.19,94.7236,46.0707,22.2847
2.191,94.4357,45.9626,22.2293
2.192,94.1705,45.8465,22.1584
2.193,93.9259,45.7244,22.0773
2.194,93.7219,45.6026,21.9958
2.195,93.5713,45.4818,21.915
2.196,93.4361,45.3606,21.8323
2.197,93.2963,45.2389,21.7458
2.198,93.1586,45.1168,21.6561
2.199,92.9311,44.9927,21.5658
2.2,92.5725,44.8671,21.4748
2.201,92.1617,44.7388,21.384
2.202,91.7629,44.6036,21.2945
2.203,91.3512,44.4609,21.2052
2.204,91.018,44.3304,21.1248
2.205,90.8064,44.2177,21.0582
2.206,90.6654,44.118,20.9986
2.207,90.5587,44.0316,20.9376
2.208,90.5063,43.959,20.8761
2.209,90.4334,43.8987,20.8177
2.21,90.2893,43.851,20.7624
2.211,90.1177,43.8141,20.7112
2.212,89.9633,43.7827,20.669
2.213,89.8134,43.7579,20.6357
2.214,89.7025,43.739,20.6107
2.215,89.6649,43.7234,20.5935
2.216,89.6766,43.7135,20.5844
2.217,89.7048,43.7177,20.5865
2.218,89.7525,43.736,20.601
2.219,89.8139,43.7689,20.6248
2.22,89.88,43.8188,20.6562
2.221,89.9538,43.884,20.6956
2.222,90.0265,43.9579,20.7391
2.223,90.0784,44.0393,20.7849
2.224,90.1642,44.1308,20.8374
2.225,90.3386,44.2351,20.9004
2.226,90.584,44.3516,20.9729
2.227,90.896,44.4735,21.0547
2.228,91.3043,44.6,21.149
2.229,91.7353,44.7311,21.2479
2.23,92.1075,44.8659,21.3434
2.231,92.4471,45.0047,21.4381
2.232,92.7379,45.139,21.5262
2.233,92.9637,45.2647,21.6035
2.234,93.1595,45.3894,21.679
2.235,93.3572,45.5218,21.7634
2.236,93.5433,45.6604,21.8544
2.237,93.7747,45.7948,21.947
2.238,94.1093,45.9205,22.0429
2.239,94.4541,46.0427,22.1369
2.24,94.6912,46.1662,22.2193
2.241,94.8492,46.2906,22.2923
2.242,94.9247,46.4078,22.3568
2.243,94.882,46.5209,22.4128
2.244,94.7879,46.6206,22.4604
2.245,94.7316,46.6884,22.4993
2.246,94.6879,46.7278,22.5291
2.247,94.7079,46.7514,22.5548
2.248,94.8316,46.7586,22.5801
2.249,95.0013,46.7552,22.5992
2.25,95.1528,46.7547,22.6038
2.251,95.3025,46.7544,22.5955
2.252,95.437,46.7469,22.5814
2.253,95.5541,46.7246,22.5609
2.254,95.6512,46.7002,22.5378
2.255,95.7168,46.692,22.5211
2.256,95.7528,46.6967,22.509
2.257,95.7703,46.6997,22.4968
2.258,95.7599,46.6937,22.4818
2.259,95.7449,46.6883,22.4678
2.26,95.7637,46.6934,22.4594
2.261,95.8068,46.7066,22.4556
2.262,95.8779,46.7293,22.4545
2.263,95.9783,46.7652,22.4569
2.264,96.1077,46.808,22.4606
2.265,96.2714,46.8483,22.4601
2.266,96.4704,46.8878,22.4558
2.267,96.6759,46.933,22.4591
2.268,96.8876,46.9838,22.473
2.269,97.0952,47.0425,22.4957
2.27,97.2739,47.1156,22.5291
2.271,97.4297,47.202,22.5731
2.272,97.5608,47.2928,22.6229
2.273,97.6457,47.3839,22.6789
2.274,97.726,47.48,22.7386
2.275,97.8656,47.5854,22.7975
2.276,98.0514,47.699,22.8569
2.277,98.265,47.8227,22.9111
2.278,98.5061,47.9581,22.9568
2.279,98.7687,48.1009,23.0004
2.28,99.0403,48.2472,23.0468
2.281,99.3251,48.3982,23.0944
2.282,99.6435,48.5542,23.1481
2.283,100.008,48.7168,23.2097
2.284,100.3931,48.8826,23.2767
2.285,100.7826,49.048,23.3477
2.286,101.1789,49.2144,23.4229
2.287,101.5499,49.3811,23.5
2.288,101.8853,49.5484,23.5803
2.289,102.2163,49.7154,23.6597
2.29,102.5675,49.8832,23.7356
2.291,102.9285,50.0499,23.808
2.292,103.2963,50.2063,23.8687
2.293,103.6796,50.3542,23.9183
2.294,104.0417,50.489,23.9571
2.295,104.3539,50.6047,23.9829
2.296,104.6335,50.7062,23.9981
2.297,104.8942,50.8027,24.0092
2.298,105.1295,50.8927,24.0144
2.299,105.3623,50.9799,24.0201
2.3,105.6176,51.07,24.0305
2.301,105.8663,51.1562,24.0428
2.302,106.0612,51.2272,24.0554
2.303,106.2098,51.285,24.0688
2.304,106.3596,51.3395,24.0801
2.305,106.5203,51.3941,24.0877
2.306,106.6909,51.4454,24.0935
2.307,106.8834,51.4922,24.1012
2.308,107.0938,51.5351,24.1095
2.309,107.3237,51.57,24.1062
2.31,107.5921,51.5949,24.0877
2.311,107.8491,51.6138,24.0591
2.312,108.0396,51.6295,24.0212
2.313,108.1882,51.6412,23.9749
2.314,108.3272,51.6502,23.9298
2.315,108.4687,51.6597,23.8873
2.316,108.5703,51.658,23.8425
2.317,108.5902,51.6326,23.7917
2.318,108.5621,51.5934,23.7377
2.319,108.5481,51.5567,23.6852
2.32,108.5424,51.5202,23.6331
2.321,108.5289,51.4863,23.5853
2.322,108.4893,51.4582,23.5469
2.323,108.4561,51.4308,23.5094
2.324,108.4756,51.3976,23.4608
2.325,108.5386,51.3601,23.4034
2.326,108.6336,51.3189,23.3456
2.327,108.7837,51.2758,23.2906
2.328,108.9225,51.2264,23.2324
2.329,108.977,51.1672,23.1669
2.33,108.9777,51.0988,23.0953
2.331,108.9475,51.0157,23.0142
2.332,108.8779,50.9157,22.9219
2.333,108.8047,50.8103,22.8275
2.334,108.7635,50.7062,22.7362
2.335,108.7267,50.6003,22.6456
2.336,108.6423,50.4937,22.5584
2.337,108.5039,50.3862,22.4755
2.338,108.4148,50.2775,22.3864
2.339,108.4239,50.1699,22.2858
2.34,108.4771,50.0578,22.1798
2.341,108.5482,49.9335,22.0738
2.342,108.6403,49.7993,21.9663
2.343,108.6543,49.6559,21.8568
2.344,108.5825,49.5021,21.7462
2.345,108.4368,49.3425,21.6322
2.346,108.211,49.1812,21.5101
2.347,107.9117,49.0158,21.3855
2.348,107.5407,48.8446,21.2742
2.349,107.078,48.6682,21.1775
2.35,106.6803,48.4823,21.0707
2.351,106.4353,48.2807,20.9403
2.352,106.2344,48.0742,20.8037
2.353,105.97,47.8773,20.6791
2.354,105.676,47.6853,20.5605
2.355,105.4238,47.4881,20.4327
2.356,105.2356,47.2867,20.2929
2.357,105.0401,47.0746,20.1475
2.358,104.7999,46.844,19.998
2.359,104.5354,46.604,19.8457
2.36,104.2495,46.3666,19.6952
2.361,103.9411,46.1293,19.5455
2.362,103.6222,45.8967,19.397
2.363,103.3237,45.6759,19.2495
2.364,102.9657,45.4497,19.1035
2.365,102.4382,45.2013,18.9628
2.366,101.8053,44.9373,18.8238
2.367,101.2392,44.6611,18.6698
2.368,100.7384,44.3683,18.4982
2.369,100.2805,44.0807,18.3256
2.37,99.8841,43.8077,18.1557
2.371,99.5031,43.542,17.9902
2.372,99.0686,43.2839,17.838
2.373,98.6025,43.0324,17.696
2.374,98.1523,42.7681,17.5484
2.375,97.7209,42.4873,17.3935
2.376,97.3074,42.1991,17.2349
2.377,96.9557,41.903,17.0727
2.378,96.588,41.605,16.9084
2.379,96.0492,41.3207,16.7459
2.38,95.3666,41.0475,16.5847
2.381,94.6516,40.7736,16.4204
2.382,93.9308,40.4976,16.2511
2.383,93.166,40.2188,16.0809
2.384,92.3073,39.9355,15.9168
2.385,91.4159,39.6476,15.7517
2.386,90.6473,39.3494,15.5659
2.387,89.9889,39.0386,15.3581
2.388,89.4073,38.742,15.1616
2.389,88.9365,38.4679,14.9838
2.39,88.4676,38.2045,14.8182
2.391,87.8659,37.9473,14.6685
2.392,87.1995,37.6961,14.5298
2.393,86.5876,37.4378,14.3784
2.394,86.0206,37.1719,14.2153
2.395,85.4852,36.9177,14.0542
2.396,85.0142,36.6783,13.8977
2.397,84.514,36.4529,13.7441
2.398,83.8819,36.2476,13.593
2.399,83.1599,36.0577,13.4458
2.4,82.3808,35.8657,13.3085
2.401,81.532,35.6737,13.1803
2.402,80.7062,35.4782,13.0608
2.403,79.9051,35.2737,12.9544
2.404,79.1879,35.0705,12.8504
2.405,78.6887,34.8792,12.7327
2.406,78.3246,34.6967,12.6095
2.407,77.8731,34.5238,12.4959
2.408,77.3439,34.3594,12.3894
2.409,76.8562,34.2137,12.302
2.41,76.439,34.094,12.2441
2.411,76.0569,33.9839,12.1916
2.412,75.693,33.8682,12.1221
2.413,75.355,33.7534,12.0446
2.414,75.0436,33.6433,11.9653
2.415,74.7551,33.5375,11.8828
2.416,74.5294,33.4398,11.8049
2.417,74.4242,33.354,11.7325
2.418,74.2854,33.2708,11.6675
2.419,73.9602,33.1821,11.6165
2.42,73.5477,33.0924,11.5719
2.421,73.1467,33.0039,11.5166
2.422,72.7378,32.916,11.4533
2.423,72.5332,32.844,11.3918
2.424,72.6235,32.792,11.3316
2.425,72.7166,32.7484,11.2772
2.426,72.6615,32.7069,11.235
2.427,72.5229,32.6716,11.197
2.428,72.2309,32.6445,11.1497
2.429,71.8312,32.625,11.0978
2.43,71.6955,32.6138,11.0601
2.431,71.8635,32.6147,11.0386
2.432,72.0819,32.6057,11.0192
2.433,72.2931,32.574,10.9956
2.434,72.48,32.5351,10.9737
2.435,72.5648,32.5011,10.9562
2.436,72.5734,32.4688,10.9427
2.437,72.5091,32.4444,10.9362
2.438,72.3726,32.4286,10.9371
2.439,72.1487,32.4085,10.9376
2.44,71.7545,32.3787,10.9361
2.441,71.4343,32.3487,10.9326
2.442,71.4286,32.3229,10.9244
2.443,71.5932,32.302,10.9141
2.444,71.8063,32.2961,10.9075
2.445,72.0921,32.3036,10.9037
2.446,72.1693,32.3017,10.8932
2.447,71.9999,32.2862,10.8734
2.448,71.6121,32.2667,10.8524
2.449,70.8641,32.2417,10.8332
2.45,70.113,32.2209,10.815
2.451,69.805,32.2218,10.7994
2.452,69.7599,32.2338,10.7855
2.453,69.8097,32.2319,10.7705
2.454,69.987,32.2181,10.7551
2.455,70.0818,32.1869,10.734
2.456,70.0717,32.1296,10.7048
2.457,69.9548,32.0797,10.6754
2.458,69.672,32.061,10.6489
2.459,69.3118,32.0553,10.6259
2.46,68.984,32.0498,10.6111
2.461,68.678,32.0457,10.6033
2.462,68.5314,32.0213,10.601
2.463,68.5274,31.975,10.6047
2.464,68.7041,31.9442,10.6077
2.465,69.2065,31.9424,10.6088
2.466,69.5893,31.9489,10.6068
2.467,69.4393,31.9561,10.6002
2.468,69.1369,31.9636,10.5894
2.469,69.1064,31.9609,10.5706
2.47,69.2356,31.9527,10.547
2.471,69.4526,31.9595,10.5423
2.472,69.7856,31.9812,10.5569
2.473,69.9344,31.9993,10.5652
2.474,69.7151,32.0093,10.5625
2.475,69.5386,32.0155,10.5488
2.476,69.6406,32.0178,10.5137
2.477,69.9396,32.0184,10.4768
2.478,70.5637,32.0222,10.4632
2.479,71.3702,32.0266,10.4668
2.48,71.8386,32.0255,10.5007
2.481,72.0059,32.0189,10.5668
2.482,71.8927,32.0116,10.632
2.483,71.4203,32.0053,10.6984
2.484,70.9405,31.9951,10.7392
2.485,70.6364,31.9739,10.7292
2.486,70.3641,31.9559,10.7047
2.487,70.0203,31.9582,10.6964
2.488,69.6757,31.9739,10.6977
2.489,69.495,31.9947,10.7279
2.49,69.4553,32.0219,10.783
2.491,69.5986,32.0626,10.8169
2.492,69.9873,32.1182,10.8265
2.493,70.1906,32.18,10.8277
2.494,70.0932,32.2489,10.8264
2.495,69.7764,32.3161,10.8131
2.496,69.0846,32.3698,10.7782
2.497,68.3101,32.4192,10.7293
2.498,68.1662,32.4794,10.6731
2.499,68.4471,32.5454,10.612
2.5,68.7214,32.6007,10.5814